"asset_id","kind","file","bytes","width","height","sha256","story_uses","source_record","review_status","production_status"
"family_2035","剧情照片","assets/resources/images/family_2035.png","2459964","1536","1024","3058337469bc704b3b23f82a41b6155e88498a5350bc572f57d1ec520818bdf2","CH07_EP08_PHOTO","art/original及docs/ART_REVIEW*.md","已有素材审查记录；跨年龄真人盲测待完成","已入游戏；不是场景背景"
"graduation_fresh","剧情照片","assets/resources/images/graduation_fresh.png","2480784","1536","1024","b5ad17f1fff66cde82bc87676692c71b97205a48ae9daacc0051175435cb6e5f","CH03_EP05_PHOTO","art/original及docs/ART_REVIEW*.md","已有素材审查记录；跨年龄真人盲测待完成","已入游戏；不是场景背景"
"graduation_old","剧情照片","assets/resources/images/graduation_old.png","2603234","1536","1024","698107eebe5bbb7aa08f0f7e000bae7be3c2f917da3b7e604cb1b30d61cdbfcb","CH01_EP02_PHOTO_001","art/original及docs/ART_REVIEW*.md","已有素材审查记录；跨年龄真人盲测待完成","已入游戏；不是场景背景"
"street_2010","剧情照片","assets/resources/images/street_2010.png","3066617","1536","1024","8dd9645bd8f0388787ce27bcc74ae0d154dc1d571cf64742ebdc85a3e595bd4d","CH04_EP05_PHOTO","art/original及docs/ART_REVIEW*.md","已有素材审查记录；跨年龄真人盲测待完成","已入游戏；不是场景背景"
"01-full","录音","assets/resources/audio/01-full.mp3","509036","","","3a4e650df1b990ac02e519d0f1835195a52dced5c363e05e535b11f92e2f78b1","CH08_EP03_AUDIO","art/original/audio/manifest.json","第三版音色已由用户确认；自然结束验证通过","已入游戏；不是场景背景"
"01-opening","录音","assets/resources/audio/01-opening.mp3","134060","","","de670b1f49e3ca30159321fb7ef6adc70a9377cf3e91711e36d1b65ceffdcc5c","CH01_EP04_N002","art/original/audio/manifest.json","第三版音色已由用户确认；自然结束验证通过","已入游戏；不是场景背景"
"home_2037_v1","场景","assets/resources/images/visual-v2/home_2037_v1.jpg","172412","1280","853","2c2c16bb410bc4dfb9eac9ee60cf9b15cae66dbb45e0d6325c7d175dcc520f0e","Main/LifeReadingPanel/VisualDraft（第一章与独立候选）","art/visual-v2/manifest.json；art/visual-v2/home_2037_v1.prompt.txt","已核原图与透明度；全游戏与物理手机待验","第一章视觉切片/候选，非全游戏美术完成"
"bus_2007_v1","场景","assets/resources/images/visual-v2/bus_2007_v1.jpg","223039","1280","853","979f6d4440581b36a577f9a822b491a1efbc03bd42e9ffc2de2f4824e3406691","Main/LifeReadingPanel/VisualDraft（第一章与独立候选）","art/visual-v2/manifest.json；art/visual-v2/bus_2007_v1.prompt.txt","已核原图与透明度；全游戏与物理手机待验","第一章视觉切片/候选，非全游戏美术完成"
"desk_2037_v1","场景","assets/resources/images/visual-v2/desk_2037_v1.jpg","214269","1024","1536","2d39ee066d7cb3f0e8f415e6e40d3aa5e4eb02732b3657d57c5a5495a16f8d83","Main/LifeReadingPanel/VisualDraft（第一章与独立候选）","art/visual-v2/manifest.json；art/visual-v2/desk_2037_v1.prompt.txt","已核原图与透明度；全游戏与物理手机待验","第一章视觉切片/候选，非全游戏美术完成"
"paper_v1","纸面","assets/resources/images/visual-v2/paper_v1.jpg","122751","1024","1536","43550e61f7ac89be9fdc2fb876fdaed467b81ea1ccfa0e7848ce2bddff663a7b","Main/LifeReadingPanel/VisualDraft（第一章与独立候选）","art/visual-v2/manifest.json；art/visual-v2/paper_v1.prompt.txt","已核原图与透明度；全游戏与物理手机待验","第一章视觉切片/候选，非全游戏美术完成"
"envelope_v1","旧物","assets/resources/images/visual-v2/envelope_v1.png","359587","720","360","8d18381ed9a388664e2bac66a5922c918cb8a16dad25319297821160e989d4a3","Main/LifeReadingPanel/VisualDraft（第一章与独立候选）","art/visual-v2/manifest.json；art/visual-v2/envelope_v1.prompt.txt","已核原图与透明度；全游戏与物理手机待验","第一章视觉切片/候选，非全游戏美术完成"
"album_v1","旧物","assets/resources/images/visual-v2/album_v1.png","862717","720","720","3d46b7fdfdfbdbb2e6716620e5de97d2a0dfe83636c0ae4d7817c6473d09c679","Main/LifeReadingPanel/VisualDraft（第一章与独立候选）","art/visual-v2/manifest.json；art/visual-v2/album_v1.prompt.txt","已核原图与透明度；全游戏与物理手机待验","第一章视觉切片/候选，非全游戏美术完成"
"mp3_v1","旧物","assets/resources/images/visual-v2/mp3_v1.png","749016","720","960","7603c75d4c50a8fab47e93a967233e3d5625be07dd3080533371b370d49cb290","Main/LifeReadingPanel/VisualDraft（第一章与独立候选）","art/visual-v2/manifest.json；art/visual-v2/mp3_v1.prompt.txt","已核原图与透明度；全游戏与物理手机待验","第一章视觉切片/候选，非全游戏美术完成"
"UI-NIGHT","UI皮肤","","0","","","","","夜间暗纸面与设置待实现","部分素材已生成；交互待实现","尚未完整；不计为完成"
"UI-DAY","UI皮肤","","0","","","","","日纸面已有纹理；设置待实现","部分素材已生成；交互待实现","尚未完整；不计为完成"
"PROP-DESK-LAYERS","物件","","0","","","","","已有信封/相册/MP3；毕业册/抽屉与真实回看待实现","部分素材已生成；交互待实现","尚未完整；不计为完成"
"MEMORY-ANNOTATIONS","交互模板","","0","","","","","批注式记忆线框","部分素材已生成；交互待实现","尚未完整；不计为完成"
